run_id,seed,cv_repeat,cv_fold,probability_bin_center,observed_frequency,mean_predicted_probability,bin_count
0,2026,0,0,0.05,0.00963275135460566,0.013968113180209081,1661
0,2026,0,0,0.15000000000000002,0.09523809523809523,0.14812652584739086,252
0,2026,0,0,0.25,0.20108695652173914,0.24786873427883588,184
0,2026,0,0,0.35000000000000003,0.30625,0.35252390398212363,160
0,2026,0,0,0.45,0.3812154696132597,0.4471328897824397,181
0,2026,0,0,0.55,0.544973544973545,0.5510219013065194,189
0,2026,0,0,0.6500000000000001,0.6666666666666666,0.6519679486561897,210
0,2026,0,0,0.75,0.813953488372093,0.7532633194573889,258
0,2026,0,0,0.8500000000000001,0.9057971014492754,0.8552615548073134,414
0,2026,0,0,0.95,0.9772431729518856,0.9770982671667057,1538
1,2027,0,1,0.05,0.008155583437892095,0.01357961536982338,1594
1,2027,0,1,0.15000000000000002,0.07003891050583658,0.14858486061874857,257
1,2027,0,1,0.25,0.13846153846153847,0.24621735018066165,195
1,2027,0,1,0.35000000000000003,0.2934131736526946,0.34581145793162704,167
1,2027,0,1,0.45,0.3954802259887006,0.4471081125184288,177
1,2027,0,1,0.55,0.49732620320855614,0.5523403406360314,187
1,2027,0,1,0.6500000000000001,0.6435185185185185,0.6536994922219409,216
1,2027,0,1,0.75,0.7777777777777778,0.7503987810685299,261
1,2027,0,1,0.8500000000000001,0.8997289972899729,0.8551402756273739,369
1,2027,0,1,0.95,0.9741379310344828,0.9791463795586131,1624
2,2028,0,2,0.05,0.015494636471990465,0.01485597862694438,1678
2,2028,0,2,0.15000000000000002,0.104,0.14558380197107043,250
2,2028,0,2,0.25,0.16201117318435754,0.24933091473637906,179
2,2028,0,2,0.35000000000000003,0.25,0.3486576661496462,148
2,2028,0,2,0.45,0.4067796610169492,0.4538196773836453,177
2,2028,0,2,0.55,0.4782608695652174,0.5498293402051206,184
2,2028,0,2,0.6500000000000001,0.6377551020408163,0.6538278072875499,196
2,2028,0,2,0.75,0.8120300751879699,0.752148784362432,266
2,2028,0,2,0.8500000000000001,0.904639175257732,0.8537503789606281,388
2,2028,0,2,0.95,0.9841872232764073,0.9791315746649454,1581
3,2029,0,3,0.05,0.008004926108374385,0.013231639117148244,1624
3,2029,0,3,0.15000000000000002,0.10112359550561797,0.14917903202476146,267
3,2029,0,3,0.25,0.15675675675675677,0.24468217180577737,185
3,2029,0,3,0.35000000000000003,0.25555555555555554,0.35003582158075736,180
3,2029,0,3,0.45,0.34946236559139787,0.45248512022818904,186
3,2029,0,3,0.55,0.519774011299435,0.5487933750312544,177
3,2029,0,3,0.6500000000000001,0.7242990654205608,0.6535877257133966,214
3,2029,0,3,0.75,0.8275862068965517,0.7511309885819293,261
3,2029,0,3,0.8500000000000001,0.9045226130653267,0.8550104092966828,398
3,2029,0,3,0.95,0.9787781350482315,0.9746504407940274,1555
4,2030,0,4,0.05,0.0074673304293715,0.014407787402702411,1607
4,2030,0,4,0.15000000000000002,0.06274509803921569,0.1471079384025255,255
4,2030,0,4,0.25,0.1990521327014218,0.24608658389545768,211
4,2030,0,4,0.35000000000000003,0.2784090909090909,0.3508218633257024,176
4,2030,0,4,0.45,0.41317365269461076,0.4465524429088377,167
4,2030,0,4,0.55,0.478494623655914,0.5490048918869868,186
4,2030,0,4,0.6500000000000001,0.6590909090909091,0.6504746294187198,220
4,2030,0,4,0.75,0.7881040892193308,0.7525683963453799,269
4,2030,0,4,0.8500000000000001,0.9137931034482759,0.8551419037492486,406
4,2030,0,4,0.95,0.9812782440284055,0.9774074545441838,1549
5,2031,1,0,0.05,0.011438892233594221,0.013669451788928652,1661
5,2031,1,0,0.15000000000000002,0.10040160642570281,0.14546932993156977,249
5,2031,1,0,0.25,0.17297297297297298,0.24961524935441226,185
5,2031,1,0,0.35000000000000003,0.3227848101265823,0.351809626584861,158
5,2031,1,0,0.45,0.3392857142857143,0.4531455590433624,168
5,2031,1,0,0.55,0.5297297297297298,0.5508970912798646,185
5,2031,1,0,0.6500000000000001,0.6709401709401709,0.651455814973102,234
5,2031,1,0,0.75,0.803030303030303,0.7513683985639789,264
5,2031,1,0,0.8500000000000001,0.9020501138952164,0.8551160893503178,439
5,2031,1,0,0.95,0.9833776595744681,0.9787725705706565,1504
6,2032,1,1,0.05,0.007926829268292683,0.013553065003210171,1640
6,2032,1,1,0.15000000000000002,0.1115702479338843,0.14614593210661858,242
6,2032,1,1,0.25,0.14207650273224043,0.2500166048209109,183
6,2032,1,1,0.35000000000000003,0.20100502512562815,0.3499055048595627,199
6,2032,1,1,0.45,0.4090909090909091,0.4497874824580618,176
6,2032,1,1,0.55,0.5786516853932584,0.5509858532877646,178
6,2032,1,1,0.6500000000000001,0.6807511737089202,0.6545843478959381,213
6,2032,1,1,0.75,0.7907801418439716,0.752463579362298,282
6,2032,1,1,0.8500000000000001,0.9326683291770573,0.8559376460253416,401
6,2032,1,1,0.95,0.9804305283757339,0.9769427618935658,1533
7,2033,1,2,0.05,0.012995049504950494,0.015130846834572017,1616
7,2033,1,2,0.15000000000000002,0.1,0.14721801498932124,280
7,2033,1,2,0.25,0.19889502762430938,0.24916025640757106,181
7,2033,1,2,0.35000000000000003,0.22727272727272727,0.35111469098922293,176
7,2033,1,2,0.45,0.391812865497076,0.4527527908794926,171
7,2033,1,2,0.55,0.5172413793103449,0.5517413392619632,174
7,2033,1,2,0.6500000000000001,0.656,0.6504897294822926,250
7,2033,1,2,0.75,0.7661290322580645,0.7505842410695669,248
7,2033,1,2,0.8500000000000001,0.9298701298701298,0.852297814883942,385
7,2033,1,2,0.95,0.9782886334610472,0.9776229237902839,1566
8,2034,1,3,0.05,0.010216346153846154,0.013762270629059407,1664
8,2034,1,3,0.15000000000000002,0.10852713178294573,0.1462595794968672,258
8,2034,1,3,0.25,0.17032967032967034,0.25015948044868,182
8,2034,1,3,0.35000000000000003,0.26174496644295303,0.3491944763939947,149
8,2034,1,3,0.45,0.3626373626373626,0.4501689248770686,182
8,2034,1,3,0.55,0.5163043478260869,0.5494156318690476,184
8,2034,1,3,0.6500000000000001,0.6807511737089202,0.6532138448462452,213
8,2034,1,3,0.75,0.7854251012145749,0.7545827091157568,247
8,2034,1,3,0.8500000000000001,0.9164420485175202,0.8557961068285689,371
8,2034,1,3,0.95,0.9830932999373826,0.9780405023268592,1597
9,2035,1,4,0.05,0.007532956685499058,0.014360792079387726,1593
9,2035,1,4,0.15000000000000002,0.05371900826446281,0.14738450105720455,242
9,2035,1,4,0.25,0.13170731707317074,0.24747902297543042,205
9,2035,1,4,0.35000000000000003,0.22981366459627328,0.3482489657962066,161
9,2035,1,4,0.45,0.44886363636363635,0.450445982454629,176
9,2035,1,4,0.55,0.47305389221556887,0.5489067462126497,167
9,2035,1,4,0.6500000000000001,0.5784313725490197,0.6454051788137071,204
9,2035,1,4,0.75,0.7879858657243817,0.7509780738859262,283
9,2035,1,4,0.8500000000000001,0.9007633587786259,0.8568085556770684,393
9,2035,1,4,0.95,0.9759556103575833,0.9770402334319753,1622
10,2036,2,0,0.05,0.008318478906714201,0.014982204760117957,1683
10,2036,2,0,0.15000000000000002,0.10869565217391304,0.14451584112014698,276
10,2036,2,0,0.25,0.21978021978021978,0.24980826432505887,182
10,2036,2,0,0.35000000000000003,0.31137724550898205,0.34783091722316023,167
10,2036,2,0,0.45,0.40397350993377484,0.4496956304547581,151
10,2036,2,0,0.55,0.5380434782608695,0.5501343737246686,184
10,2036,2,0,0.6500000000000001,0.6807511737089202,0.650132190908117,213
10,2036,2,0,0.75,0.8395061728395061,0.7534974399842321,243
10,2036,2,0,0.8500000000000001,0.9166666666666666,0.8535078323799471,384
10,2036,2,0,0.95,0.9776214833759591,0.9797186804429721,1564
11,2037,2,1,0.05,0.01378070701018574,0.013634243581179206,1669
11,2037,2,1,0.15000000000000002,0.07916666666666666,0.15022177538449785,240
11,2037,2,1,0.25,0.1834319526627219,0.2498288931213086,169
11,2037,2,1,0.35000000000000003,0.19230769230769232,0.3508351645828686,156
11,2037,2,1,0.45,0.39204545454545453,0.44847856408698566,176
11,2037,2,1,0.55,0.49514563106796117,0.5513684342209567,206
11,2037,2,1,0.6500000000000001,0.6458333333333334,0.6485708951800127,192
11,2037,2,1,0.75,0.8084291187739464,0.753346745506876,261
11,2037,2,1,0.8500000000000001,0.9328703703703703,0.8545173848402586,432
11,2037,2,1,0.95,0.9793014230271668,0.9777668689427652,1546
12,2038,2,2,0.05,0.005642633228840125,0.01353330814757884,1595
12,2038,2,2,0.15000000000000002,0.078125,0.14229257977716087,256
12,2038,2,2,0.25,0.16591928251121077,0.24817173771542295,223
12,2038,2,2,0.35000000000000003,0.28,0.35358558503251974,175
12,2038,2,2,0.45,0.3989071038251366,0.45007762610585417,183
12,2038,2,2,0.55,0.5340314136125655,0.5492799198416399,191
12,2038,2,2,0.6500000000000001,0.680161943319838,0.6501986871750967,247
12,2038,2,2,0.75,0.8446215139442231,0.7545070729246063,251
12,2038,2,2,0.8500000000000001,0.9070904645476773,0.8575189941647077,409
12,2038,2,2,0.95,0.978905735003296,0.9765106866867519,1517
13,2039,2,3,0.05,0.008155583437892095,0.013773234856116569,1594
13,2039,2,3,0.15000000000000002,0.06976744186046512,0.1502061299564521,258
13,2039,2,3,0.25,0.16477272727272727,0.24483712184608128,176
13,2039,2,3,0.35000000000000003,0.19607843137254902,0.35144019630285417,153
13,2039,2,3,0.45,0.391025641025641,0.45148227374650507,156
13,2039,2,3,0.55,0.5114942528735632,0.5499026114702101,174
13,2039,2,3,0.6500000000000001,0.579185520361991,0.6448254404295992,221
13,2039,2,3,0.75,0.7839721254355401,0.7540218668168824,287
13,2039,2,3,0.8500000000000001,0.8715083798882681,0.8546068311001759,358
13,2039,2,3,0.95,0.9700598802395209,0.9773308798463561,1670
14,2040,2,4,0.05,0.013100436681222707,0.013586072896001925,1603
14,2040,2,4,0.15000000000000002,0.10150375939849623,0.14656713975934146,266
14,2040,2,4,0.25,0.1346153846153846,0.24792626755451627,208
14,2040,2,4,0.35000000000000003,0.2430939226519337,0.35274366333424345,181
14,2040,2,4,0.45,0.3812154696132597,0.4497636336986689,181
14,2040,2,4,0.55,0.5511363636363636,0.5498836548454948,176
14,2040,2,4,0.6500000000000001,0.6801801801801802,0.6564678565424501,222
14,2040,2,4,0.75,0.775438596491228,0.7491912736168906,285
14,2040,2,4,0.8500000000000001,0.9143576826196473,0.8546901214686935,397
14,2040,2,4,0.95,0.9849377865094957,0.9781782000263873,1527
15,2041,3,0,0.05,0.01315002988643156,0.014291855325156392,1673
15,2041,3,0,0.15000000000000002,0.08658008658008658,0.14420981687516737,231
15,2041,3,0,0.25,0.18009478672985782,0.24729413295686004,211
15,2041,3,0,0.35000000000000003,0.3028169014084507,0.3573071069967151,142
15,2041,3,0,0.45,0.3548387096774194,0.4504323987595417,186
15,2041,3,0,0.55,0.5403726708074534,0.5500283828200518,161
15,2041,3,0,0.6500000000000001,0.7023255813953488,0.6516178174858671,215
15,2041,3,0,0.75,0.7873754152823921,0.7505723136637941,301
15,2041,3,0,0.8500000000000001,0.9093078758949881,0.8534667575107102,419
15,2041,3,0,0.95,0.9820954907161804,0.9777755990121387,1508
16,2042,3,1,0.05,0.011793916821849782,0.014598977724091135,1611
16,2042,3,1,0.15000000000000002,0.07662835249042145,0.14655566108827928,261
16,2042,3,1,0.25,0.2,0.24480036366710464,200
16,2042,3,1,0.35000000000000003,0.23972602739726026,0.34824569315972065,146
16,2042,3,1,0.45,0.33146067415730335,0.4508266441346374,178
16,2042,3,1,0.55,0.4788732394366197,0.5502232624393925,213
16,2042,3,1,0.6500000000000001,0.6263157894736842,0.6525198347608328,190
16,2042,3,1,0.75,0.8181818181818182,0.7549141300977484,275
16,2042,3,1,0.8500000000000001,0.9203084832904884,0.8548761259202429,389
16,2042,3,1,0.95,0.9779040404040404,0.9777315692014017,1584
17,2043,3,2,0.05,0.010240963855421687,0.01443539076635723,1660
17,2043,3,2,0.15000000000000002,0.08264462809917356,0.14753062294505456,242
17,2043,3,2,0.25,0.14450867052023122,0.24864939352111667,173
17,2043,3,2,0.35000000000000003,0.24064171122994651,0.35241728373908326,187
17,2043,3,2,0.45,0.3873239436619718,0.45345067788115545,142
17,2043,3,2,0.55,0.5421052631578948,0.5547096081882988,190
17,2043,3,2,0.6500000000000001,0.6575342465753424,0.6480331901199694,219
17,2043,3,2,0.75,0.7848101265822784,0.7505884188404349,237
17,2043,3,2,0.8500000000000001,0.9414893617021277,0.8559788131223413,376
17,2043,3,2,0.95,0.9728562615669339,0.9764428988952468,1621
18,2044,3,3,0.05,0.008573178199632579,0.01490113017275821,1633
18,2044,3,3,0.15000000000000002,0.07604562737642585,0.14911425056894181,263
18,2044,3,3,0.25,0.2358974358974359,0.24824374589567683,195
18,2044,3,3,0.35000000000000003,0.296969696969697,0.3505768235763806,165
18,2044,3,3,0.45,0.39655172413793105,0.45125407197487644,174
18,2044,3,3,0.55,0.538860103626943,0.5455339585881115,193
18,2044,3,3,0.6500000000000001,0.6761904761904762,0.652899677458219,210
18,2044,3,3,0.75,0.7640845070422535,0.7496337371333758,284
18,2044,3,3,0.8500000000000001,0.9207161125319693,0.8550976729633609,391
18,2044,3,3,0.95,0.9772579597141,0.9782877210870471,1539
19,2045,3,4,0.05,0.008793969849246231,0.013008483569709068,1592
19,2045,3,4,0.15000000000000002,0.08888888888888889,0.14760128446881315,270
19,2045,3,4,0.25,0.16243654822335024,0.24931532251495503,197
19,2045,3,4,0.35000000000000003,0.23121387283236994,0.34910314595799496,173
19,2045,3,4,0.45,0.384180790960452,0.44742033099881473,177
19,2045,3,4,0.55,0.5076923076923077,0.5512728069352671,195
19,2045,3,4,0.6500000000000001,0.6745283018867925,0.6521042433868094,212
19,2045,3,4,0.75,0.7470355731225297,0.7543931936025023,253
19,2045,3,4,0.8500000000000001,0.9129353233830846,0.8550241111518786,402
19,2045,3,4,0.95,0.9834920634920635,0.9774832702824687,1575
20,2046,4,0,0.05,0.009673518742442563,0.01391558991950405,1654
20,2046,4,0,0.15000000000000002,0.07526881720430108,0.14820207720901846,279
20,2046,4,0,0.25,0.193717277486911,0.2488803275757934,191
20,2046,4,0,0.35000000000000003,0.23684210526315788,0.35001738996386145,152
20,2046,4,0,0.45,0.43478260869565216,0.44956708872352,184
20,2046,4,0,0.55,0.5433526011560693,0.55075117662294,173
20,2046,4,0,0.6500000000000001,0.7023255813953488,0.6508209831792371,215
20,2046,4,0,0.75,0.8114035087719298,0.7513777700510436,228
20,2046,4,0,0.8500000000000001,0.9223057644110275,0.8522349876751504,399
20,2046,4,0,0.95,0.9783715012722646,0.9776506571101784,1572
21,2047,4,1,0.05,0.009230769230769232,0.014808972814642435,1625
21,2047,4,1,0.15000000000000002,0.1013215859030837,0.1484563652288577,227
21,2047,4,1,0.25,0.1958762886597938,0.24911489555450764,194
21,2047,4,1,0.35000000000000003,0.25595238095238093,0.3527227805580941,168
21,2047,4,1,0.45,0.4012345679012346,0.4449853423198226,162
21,2047,4,1,0.55,0.5319148936170213,0.5515043605455591,188
21,2047,4,1,0.6500000000000001,0.6597510373443983,0.6533185808012135,241
21,2047,4,1,0.75,0.7385159010600707,0.7579074668870804,283
21,2047,4,1,0.8500000000000001,0.873015873015873,0.8558698203044881,378
21,2047,4,1,0.95,0.9765970904490828,0.9780592668087906,1581
22,2048,4,2,0.05,0.012915129151291513,0.013805044868769732,1626
22,2048,4,2,0.15000000000000002,0.07116104868913857,0.14548161695729628,267
22,2048,4,2,0.25,0.17647058823529413,0.24656087589208228,204
22,2048,4,2,0.35000000000000003,0.2824858757062147,0.34760633719954565,177
22,2048,4,2,0.45,0.41916167664670656,0.4513290717682166,167
22,2048,4,2,0.55,0.5507246376811594,0.5521581312853061,207
22,2048,4,2,0.6500000000000001,0.642512077294686,0.654482306240012,207
22,2048,4,2,0.75,0.8365019011406845,0.7526860676078312,263
22,2048,4,2,0.8500000000000001,0.9021739130434783,0.8550548517512899,368
22,2048,4,2,0.95,0.9807815502882767,0.9770626611763497,1561
23,2049,4,3,0.05,0.008604794099569761,0.013981765594787594,1627
23,2049,4,3,0.15000000000000002,0.06808510638297872,0.14817165733002305,235
23,2049,4,3,0.25,0.15730337078651685,0.24547129836077375,178
23,2049,4,3,0.35000000000000003,0.21341463414634146,0.34996075924885034,164
23,2049,4,3,0.45,0.3430232558139535,0.4506087682320405,172
23,2049,4,3,0.55,0.5049019607843137,0.5514753132068388,204
23,2049,4,3,0.6500000000000001,0.6780487804878049,0.6534125746707792,205
23,2049,4,3,0.75,0.7689655172413793,0.7518409616996268,290
23,2049,4,3,0.8500000000000001,0.9221411192214112,0.8537905196954237,411
23,2049,4,3,0.95,0.9795003203074952,0.9771844695548003,1561
24,2050,4,4,0.05,0.009047044632086852,0.014737660921804788,1658
24,2050,4,4,0.15000000000000002,0.09871244635193133,0.14478341318460158,233
24,2050,4,4,0.25,0.185,0.2483141443256821,200
24,2050,4,4,0.35000000000000003,0.2611111111111111,0.3515416441686451,180
24,2050,4,4,0.45,0.4143646408839779,0.4509477278399686,181
24,2050,4,4,0.55,0.47096774193548385,0.5537496935289091,155
24,2050,4,4,0.6500000000000001,0.6434782608695652,0.6507696481649505,230
24,2050,4,4,0.75,0.8156862745098039,0.7543842323290203,255
24,2050,4,4,0.8500000000000001,0.9448441247002398,0.8565521768640504,417
24,2050,4,4,0.95,0.9791802212101497,0.9778813829055496,1537
25,2051,5,0,0.05,0.010372178157413058,0.01279454411136389,1639
25,2051,5,0,0.15000000000000002,0.08029197080291971,0.14685333442765744,274
25,2051,5,0,0.25,0.2542372881355932,0.24706326151066876,177
25,2051,5,0,0.35000000000000003,0.25333333333333335,0.3525477253486263,150
25,2051,5,0,0.45,0.3502824858757062,0.45081012829282635,177
25,2051,5,0,0.55,0.5163043478260869,0.5480949823556187,184
25,2051,5,0,0.6500000000000001,0.6329113924050633,0.65098957502458,237
25,2051,5,0,0.75,0.8095238095238095,0.7551462249288602,252
25,2051,5,0,0.8500000000000001,0.9035532994923858,0.8531248688289003,394
25,2051,5,0,0.95,0.9833653230966091,0.977588186036629,1563
26,2052,5,1,0.05,0.007481296758104738,0.015006652932895487,1604
26,2052,5,1,0.15000000000000002,0.0996309963099631,0.148210973415182,271
26,2052,5,1,0.25,0.14218009478672985,0.24631002917635902,211
26,2052,5,1,0.35000000000000003,0.21656050955414013,0.34792819294490157,157
26,2052,5,1,0.45,0.44171779141104295,0.45094176216258897,163
26,2052,5,1,0.55,0.514792899408284,0.5558218823322612,169
26,2052,5,1,0.6500000000000001,0.6224489795918368,0.6535521738493281,196
26,2052,5,1,0.75,0.78515625,0.7516218494445905,256
26,2052,5,1,0.8500000000000001,0.9108433734939759,0.8550182362791382,415
26,2052,5,1,0.95,0.9738317757009346,0.9765965653984076,1605
27,2053,5,2,0.05,0.006218905472636816,0.013114389941944095,1608
27,2053,5,2,0.15000000000000002,0.10569105691056911,0.1446679865687161,246
27,2053,5,2,0.25,0.2046783625730994,0.24625062557774438,171
27,2053,5,2,0.35000000000000003,0.23333333333333334,0.34839245643776917,180
27,2053,5,2,0.45,0.39603960396039606,0.44604144706142385,202
27,2053,5,2,0.55,0.44776119402985076,0.5510967339210491,201
27,2053,5,2,0.6500000000000001,0.6559633027522935,0.6501448487181445,218
27,2053,5,2,0.75,0.8114478114478114,0.7508830003146303,297
27,2053,5,2,0.8500000000000001,0.9072681704260651,0.8569608169324944,399
27,2053,5,2,0.95,0.981639344262295,0.9779984601826177,1525
28,2054,5,3,0.05,0.008443908323281062,0.014362201092399194,1658
28,2054,5,3,0.15000000000000002,0.07792207792207792,0.1482501960169215,231
28,2054,5,3,0.25,0.12626262626262627,0.24871212805598136,198
28,2054,5,3,0.35000000000000003,0.2727272727272727,0.3512019505528052,176
28,2054,5,3,0.45,0.3785310734463277,0.4506075786187911,177
28,2054,5,3,0.55,0.572972972972973,0.5535069913938827,185
28,2054,5,3,0.6500000000000001,0.7050691244239631,0.6494738737354708,217
28,2054,5,3,0.75,0.8021978021978022,0.7549464345994342,273
28,2054,5,3,0.8500000000000001,0.9434447300771208,0.8535419991069889,389
28,2054,5,3,0.95,0.9773169151004537,0.977365143960856,1543
29,2055,5,4,0.05,0.008583690987124463,0.01372549927371169,1631
29,2055,5,4,0.15000000000000002,0.0830188679245283,0.14799703883671525,265
29,2055,5,4,0.25,0.13227513227513227,0.24962654284547348,189
29,2055,5,4,0.35000000000000003,0.3333333333333333,0.3470919233514761,171
29,2055,5,4,0.45,0.40782122905027934,0.4498791096708939,179
29,2055,5,4,0.55,0.5631578947368421,0.5511863752726941,190
29,2055,5,4,0.6500000000000001,0.6981132075471698,0.6519617838013969,212
29,2055,5,4,0.75,0.7904411764705882,0.7520774789258379,272
29,2055,5,4,0.8500000000000001,0.8919667590027701,0.854742601765042,361
29,2055,5,4,0.95,0.9784263959390863,0.9775634329023504,1576
30,2056,6,0,0.05,0.010982306284319707,0.012986579809338625,1639
30,2056,6,0,0.15000000000000002,0.08835341365461848,0.1464051799843437,249
30,2056,6,0,0.25,0.12643678160919541,0.24831956767956379,174
30,2056,6,0,0.35000000000000003,0.26063829787234044,0.3519155085505198,188
30,2056,6,0,0.45,0.3619631901840491,0.4467328017968448,163
30,2056,6,0,0.55,0.5372340425531915,0.5517253482934115,188
30,2056,6,0,0.6500000000000001,0.7107843137254902,0.6525762638890681,204
30,2056,6,0,0.75,0.7912087912087912,0.7544627989550605,273
30,2056,6,0,0.8500000000000001,0.9054373522458629,0.8533558649730635,423
30,2056,6,0,0.95,0.9773609314359638,0.9790927925337272,1546
31,2057,6,1,0.05,0.014251781472684086,0.015724424210747517,1684
31,2057,6,1,0.15000000000000002,0.11885245901639344,0.14744405941103902,244
31,2057,6,1,0.25,0.20670391061452514,0.24487157269711834,179
31,2057,6,1,0.35000000000000003,0.30057803468208094,0.348830538980995,173
31,2057,6,1,0.45,0.35542168674698793,0.45353069337083884,166
31,2057,6,1,0.55,0.5209580838323353,0.5527250725814141,167
31,2057,6,1,0.6500000000000001,0.6372093023255814,0.6531977973452385,215
31,2057,6,1,0.75,0.8118811881188119,0.7497961641750154,303
31,2057,6,1,0.8500000000000001,0.9318801089918256,0.8557994252247819,367
31,2057,6,1,0.95,0.9767591994835377,0.9769651183354501,1549
32,2058,6,2,0.05,0.0076726342710997444,0.014877120143337611,1564
32,2058,6,2,0.15000000000000002,0.0821917808219178,0.14861664586824472,292
32,2058,6,2,0.25,0.0972972972972973,0.24893542008318778,185
32,2058,6,2,0.35000000000000003,0.2857142857142857,0.35532824101665916,168
32,2058,6,2,0.45,0.3742690058479532,0.45182469927119734,171
32,2058,6,2,0.55,0.5181347150259067,0.5516203895190022,193
32,2058,6,2,0.6500000000000001,0.6265560165975104,0.6487230674114749,241
32,2058,6,2,0.75,0.7665369649805448,0.7508055572590272,257
32,2058,6,2,0.8500000000000001,0.9121447028423773,0.8534136302252486,387
32,2058,6,2,0.95,0.9811202013845186,0.977427159782052,1589
33,2059,6,3,0.05,0.010095011876484561,0.013723538998355544,1684
33,2059,6,3,0.15000000000000002,0.07758620689655173,0.1488790337131217,232
33,2059,6,3,0.25,0.22702702702702704,0.24644899020046965,185
33,2059,6,3,0.35000000000000003,0.28,0.3531024869050596,175
33,2059,6,3,0.45,0.39106145251396646,0.4539546959988545,179
33,2059,6,3,0.55,0.5341614906832298,0.5533448998969174,161
33,2059,6,3,0.6500000000000001,0.654639175257732,0.6505975274888286,194
33,2059,6,3,0.75,0.78515625,0.7510498152248133,256
33,2059,6,3,0.8500000000000001,0.9106280193236715,0.855330102995537,414
33,2059,6,3,0.95,0.9814932992980216,0.9761573443063837,1567
34,2060,6,4,0.05,0.008130081300813009,0.013022632854702525,1599
34,2060,6,4,0.15000000000000002,0.0648854961832061,0.14627720440143407,262
34,2060,6,4,0.25,0.1902439024390244,0.24882124149070806,205
34,2060,6,4,0.35000000000000003,0.20481927710843373,0.3533847820970543,166
34,2060,6,4,0.45,0.4097560975609756,0.45024474158246236,205
34,2060,6,4,0.55,0.5108695652173914,0.552736092902368,184
34,2060,6,4,0.6500000000000001,0.6666666666666666,0.6480827877271148,210
34,2060,6,4,0.75,0.8218623481781376,0.7499904583575454,247
34,2060,6,4,0.8500000000000001,0.89501312335958,0.8547762030970801,381
34,2060,6,4,0.95,0.9829867674858223,0.9777701664514441,1587
35,2061,7,0,0.05,0.007334963325183374,0.014825594125899002,1636
35,2061,7,0,0.15000000000000002,0.05223880597014925,0.14742546525030006,268
35,2061,7,0,0.25,0.1791044776119403,0.24953821967434317,201
35,2061,7,0,0.35000000000000003,0.3048780487804878,0.3485613255403741,164
35,2061,7,0,0.45,0.4387755102040816,0.45255680329536974,196
35,2061,7,0,0.55,0.5536723163841808,0.5509195387326989,177
35,2061,7,0,0.6500000000000001,0.6820276497695853,0.6511304417287636,217
35,2061,7,0,0.75,0.8379446640316206,0.7502591980458987,253
35,2061,7,0,0.8500000000000001,0.917910447761194,0.8578929642113639,402
35,2061,7,0,0.95,0.9791258969341161,0.9769426864435321,1533
36,2062,7,1,0.05,0.0115995115995116,0.013902238679310095,1638
36,2062,7,1,0.15000000000000002,0.07860262008733625,0.14850411225681615,229
36,2062,7,1,0.25,0.19576719576719576,0.24844635847106544,189
36,2062,7,1,0.35000000000000003,0.21212121212121213,0.3516279093866492,165
36,2062,7,1,0.45,0.3693181818181818,0.4470155938249398,176
36,2062,7,1,0.55,0.5463917525773195,0.553730779063176,194
36,2062,7,1,0.6500000000000001,0.6478260869565218,0.6473283889627245,230
36,2062,7,1,0.75,0.8204225352112676,0.7535834163456187,284
36,2062,7,1,0.8500000000000001,0.8903061224489796,0.8528072294139235,392
36,2062,7,1,0.95,0.9774193548387097,0.9774932617199686,1550
37,2063,7,2,0.05,0.010265700483091788,0.013899134670243465,1656
37,2063,7,2,0.15000000000000002,0.12734082397003746,0.14613707726213745,267
37,2063,7,2,0.25,0.20441988950276244,0.2519981347576832,181
37,2063,7,2,0.35000000000000003,0.21518987341772153,0.3513382016048391,158
37,2063,7,2,0.45,0.3387096774193548,0.4514021717911823,186
37,2063,7,2,0.55,0.5416666666666666,0.5520665917748763,168
37,2063,7,2,0.6500000000000001,0.6731707317073171,0.6522533105875102,205
37,2063,7,2,0.75,0.7748091603053435,0.7511663812464494,262
37,2063,7,2,0.8500000000000001,0.9438775510204082,0.8544118113093078,392
37,2063,7,2,0.95,0.9790076335877863,0.9777408335658497,1572
38,2064,7,3,0.05,0.011180124223602485,0.013281375108164201,1610
38,2064,7,3,0.15000000000000002,0.10204081632653061,0.14828823957704046,245
38,2064,7,3,0.25,0.15346534653465346,0.24736782893561934,202
38,2064,7,3,0.35000000000000003,0.2611464968152866,0.3481342855184473,157
38,2064,7,3,0.45,0.3626943005181347,0.4497524814797582,193
38,2064,7,3,0.55,0.4913294797687861,0.5477721717490224,173
38,2064,7,3,0.6500000000000001,0.6634146341463415,0.6501230239930255,205
38,2064,7,3,0.75,0.7638376383763837,0.7490145843855215,271
38,2064,7,3,0.8500000000000001,0.887434554973822,0.8538009800904598,382
38,2064,7,3,0.95,0.9776258545680547,0.9783727251758579,1609
39,2065,7,4,0.05,0.00863664404688464,0.014002049998977934,1621
39,2065,7,4,0.15000000000000002,0.08888888888888889,0.14709377360071915,270
39,2065,7,4,0.25,0.15254237288135594,0.24646001177840565,177
39,2065,7,4,0.35000000000000003,0.24074074074074073,0.3507041028356397,162
39,2065,7,4,0.45,0.42424242424242425,0.45335168806843135,165
39,2065,7,4,0.55,0.5028571428571429,0.549621789798938,175
39,2065,7,4,0.6500000000000001,0.5956521739130435,0.6475270864314291,230
39,2065,7,4,0.75,0.7854545454545454,0.7500611955807166,275
39,2065,7,4,0.8500000000000001,0.908433734939759,0.8563177036454167,415
39,2065,7,4,0.95,0.9852185089974294,0.977938185785019,1556
40,2066,8,0,0.05,0.009762050030506406,0.01451028477635206,1639
40,2066,8,0,0.15000000000000002,0.10943396226415095,0.1477568258142648,265
40,2066,8,0,0.25,0.14130434782608695,0.24894761979489036,184
40,2066,8,0,0.35000000000000003,0.3275862068965517,0.35307508979358637,174
40,2066,8,0,0.45,0.3592814371257485,0.4504610081404362,167
40,2066,8,0,0.55,0.5483870967741935,0.549769291616684,186
40,2066,8,0,0.6500000000000001,0.6272727272727273,0.6504313648053015,220
40,2066,8,0,0.75,0.7976190476190477,0.7533066482872509,252
40,2066,8,0,0.8500000000000001,0.9098837209302325,0.8518253026193926,344
40,2066,8,0,0.95,0.9801980198019802,0.9778465937413451,1616
41,2067,8,1,0.05,0.008949880668257757,0.014241208223751519,1676
41,2067,8,1,0.15000000000000002,0.10505836575875487,0.14575318037059928,257
41,2067,8,1,0.25,0.16756756756756758,0.24982411215881078,185
41,2067,8,1,0.35000000000000003,0.296551724137931,0.35012673854323645,145
41,2067,8,1,0.45,0.4342857142857143,0.45101032438312677,175
41,2067,8,1,0.55,0.48633879781420764,0.5525882192990611,183
41,2067,8,1,0.6500000000000001,0.7018348623853211,0.6525678360523959,218
41,2067,8,1,0.75,0.8196078431372549,0.7536499975010655,255
41,2067,8,1,0.8500000000000001,0.9012658227848102,0.8554788024687503,395
41,2067,8,1,0.95,0.9801026957637997,0.9772008238065574,1558
42,2068,8,2,0.05,0.010050251256281407,0.01336035988562186,1592
42,2068,8,2,0.15000000000000002,0.07196969696969698,0.14435958460751389,264
42,2068,8,2,0.25,0.2097560975609756,0.24827512978223187,205
42,2068,8,2,0.35000000000000003,0.22905027932960895,0.35247241557630904,179
42,2068,8,2,0.45,0.4166666666666667,0.4489814066517018,168
42,2068,8,2,0.55,0.5597826086956522,0.5547407862545569,184
42,2068,8,2,0.6500000000000001,0.6173913043478261,0.6476076408694051,230
42,2068,8,2,0.75,0.8134328358208955,0.7534769449470405,268
42,2068,8,2,0.8500000000000001,0.9053398058252428,0.8577404676936776,412
42,2068,8,2,0.95,0.9715210355987055,0.9781082762520853,1545
43,2069,8,3,0.05,0.009253547193090685,0.013056597706478665,1621
43,2069,8,3,0.15000000000000002,0.05343511450381679,0.14770038409954375,262
43,2069,8,3,0.25,0.14942528735632185,0.25187481955838176,174
43,2069,8,3,0.35000000000000003,0.22941176470588234,0.351657427047245,170
43,2069,8,3,0.45,0.37755102040816324,0.4557969125601796,196
43,2069,8,3,0.55,0.5263157894736842,0.551277147175211,171
43,2069,8,3,0.6500000000000001,0.6367924528301887,0.6498579016708643,212
43,2069,8,3,0.75,0.8178438661710037,0.7522229535032418,269
43,2069,8,3,0.8500000000000001,0.9125,0.8550148035535008,400
43,2069,8,3,0.95,0.9840966921119593,0.9779141737408802,1572
44,2070,8,4,0.05,0.009858287122612447,0.014518393703306516,1623
44,2070,8,4,0.15000000000000002,0.08270676691729323,0.1496617650571114,266
44,2070,8,4,0.25,0.1896551724137931,0.24660168357157702,174
44,2070,8,4,0.35000000000000003,0.22905027932960895,0.35040737399908234,179
44,2070,8,4,0.45,0.37572254335260113,0.44745329601714157,173
44,2070,8,4,0.55,0.49122807017543857,0.5465242037690062,171
44,2070,8,4,0.6500000000000001,0.6666666666666666,0.6529247821616742,204
44,2070,8,4,0.75,0.7725631768953068,0.7527017856139117,277
44,2070,8,4,0.8500000000000001,0.9088785046728972,0.8553699622161949,428
44,2070,8,4,0.95,0.9832366215344939,0.9768125284741963,1551
45,2071,9,0,0.05,0.006905210295040804,0.014065330782362245,1593
45,2071,9,0,0.15000000000000002,0.056,0.1492370802142218,250
45,2071,9,0,0.25,0.1642512077294686,0.24872734808098151,207
45,2071,9,0,0.35000000000000003,0.30113636363636365,0.34996998220868847,176
45,2071,9,0,0.45,0.41358024691358025,0.44815627336434155,162
45,2071,9,0,0.55,0.573170731707317,0.5539110251987065,164
45,2071,9,0,0.6500000000000001,0.5856573705179283,0.6505872534907512,251
45,2071,9,0,0.75,0.7566539923954373,0.7549342143483945,263
45,2071,9,0,0.8500000000000001,0.9057971014492754,0.8544406491843191,414
45,2071,9,0,0.95,0.9776643267389917,0.979493346653328,1567
46,2072,9,1,0.05,0.008604794099569761,0.014574606001859246,1627
46,2072,9,1,0.15000000000000002,0.09665427509293681,0.14795374345811155,269
46,2072,9,1,0.25,0.1891891891891892,0.24514519871187787,185
46,2072,9,1,0.35000000000000003,0.31386861313868614,0.34878542509191024,137
46,2072,9,1,0.45,0.36464088397790057,0.4502471729878457,181
46,2072,9,1,0.55,0.44329896907216493,0.5474341598573,194
46,2072,9,1,0.6500000000000001,0.6558139534883721,0.6491515201915541,215
46,2072,9,1,0.75,0.7745454545454545,0.7514698799539263,275
46,2072,9,1,0.8500000000000001,0.9244791666666666,0.8545434048496857,384
46,2072,9,1,0.95,0.9791139240506329,0.9767854177791672,1580
47,2073,9,2,0.05,0.010303030303030303,0.013555344210835278,1650
47,2073,9,2,0.15000000000000002,0.10843373493975904,0.14815855408694842,249
47,2073,9,2,0.25,0.1784037558685446,0.24904050565002614,213
47,2073,9,2,0.35000000000000003,0.24848484848484848,0.3532444320821653,165
47,2073,9,2,0.45,0.4652777777777778,0.4473296527372924,144
47,2073,9,2,0.55,0.4823529411764706,0.5511694851777745,170
47,2073,9,2,0.6500000000000001,0.6724890829694323,0.652495723008819,229
47,2073,9,2,0.75,0.7591240875912408,0.7527023433864249,274
47,2073,9,2,0.8500000000000001,0.9213197969543148,0.8556863673223883,394
47,2073,9,2,0.95,0.9807568954457986,0.9779400053164475,1559
48,2074,9,3,0.05,0.008755472170106316,0.013159561774605808,1599
48,2074,9,3,0.15000000000000002,0.109375,0.14394088666988925,256
48,2074,9,3,0.25,0.1382488479262673,0.24931842802863197,217
48,2074,9,3,0.35000000000000003,0.24157303370786518,0.34921287665186895,178
48,2074,9,3,0.45,0.3442622950819672,0.4527031415402111,183
48,2074,9,3,0.55,0.5371428571428571,0.5523898299613852,175
48,2074,9,3,0.6500000000000001,0.7004608294930875,0.6559480893287547,217
48,2074,9,3,0.75,0.8201438848920863,0.7547485206588467,278
48,2074,9,3,0.8500000000000001,0.9064935064935065,0.8520516148870332,385
48,2074,9,3,0.95,0.9775497113534317,0.9764919614237271,1559
49,2075,9,4,0.05,0.010778443113772455,0.014078337162482312,1670
49,2075,9,4,0.15000000000000002,0.09302325581395349,0.14579521199045234,258
49,2075,9,4,0.25,0.15976331360946747,0.24801931993653728,169
49,2075,9,4,0.35000000000000003,0.29411764705882354,0.3514809566207053,187
49,2075,9,4,0.45,0.4098360655737705,0.4520386132809579,183
49,2075,9,4,0.55,0.5562130177514792,0.5473053251469726,169
49,2075,9,4,0.6500000000000001,0.6534653465346535,0.6532991854802149,202
49,2075,9,4,0.75,0.8142292490118577,0.7532355756369304,253
49,2075,9,4,0.8500000000000001,0.9175257731958762,0.8563204028991829,388
49,2075,9,4,0.95,0.9814932992980216,0.9768656436844126,1567
